<?xml version="1.0" encoding="UTF-8" standalone="yes"?>
<manifest>
  <control namespace="TSoftControls" constructor="RichTextEditor" version="0.0.1" display-name-key="RichTextEditor" description-key="RichTextEditor description" control-type="standard" api-version="1.3.15">
    <property name="richTextField" display-name-key="RichTextField" description-key="RichTextField Description" of-type="SingleLine.Text" usage="bound" required="false"/>
    <resources>
      <code path="bundle.js" order="1"/>
    </resources>
    <feature-usage/>
    <built-by name="pac" version="1.38.3"/>
  </control>
</manifest>